repeat	stage	qps	duration_ms	scheduled	sent	received	correct_on_time	correct_late	timeout	transport_error	sender_shortfall	max_lag_us	p50_us	p95_us	p99_us	effective_throughput_qps	fixture_max_rss_kib	fixture_max_fd
1	common-load	300	3000	901	901	901	901	0	0	0	0	0	196	374	529	300.3333333333333	9316	7
1	near-saturation	350	3000	1051	1051	1051	1051	0	0	0	0	0	137	290	369	350.3333333333333	11460	7
1	normal-reference	200	3000	600	600	600	600	0	0	0	0	0	184	355	509	200	9288	7
1	overload	400	3000	1200	1200	1200	1200	0	0	0	0	0	121	269	339	400	11476	8
1	peak-envelope	500	3000	1500	1500	1500	1500	0	0	0	0	0	145	296	398	500	11916	7
1	recovery	200	3000	600	600	600	600	0	0	0	0	0	190	354	475	200	11820	7
2	common-load	300	3000	901	901	901	901	0	0	0	0	0	197	358	463	300.3333333333333	9304	8
2	near-saturation	350	3000	1051	1051	1051	1051	0	0	0	0	0	139	321	495	350.3333333333333	9340	8
2	normal-reference	200	3000	600	600	600	600	0	0	0	0	0	177	366	506	200	7236	8
2	overload	400	3000	1200	1200	1200	1200	0	0	0	0	0	120	285	399	400	9360	8
2	peak-envelope	500	3000	1500	1500	1500	1500	0	0	0	0	0	148	310	416	500	11912	8
2	recovery	200	3000	600	600	600	600	0	0	0	0	0	191	363	477	200	11820	8
