timestamp_utc	repeat	phase	time_wait	established
2026-09-27T00:09:35Z	1	start	2974	1
2026-09-27T00:09:35Z	1	before-normal-reference	2974	1
2026-09-27T00:09:39Z	1	after-normal-reference	2480	1
2026-09-27T00:09:39Z	1	before-common-load	1750	1
2026-09-27T00:09:42Z	1	after-common-load	1520	1
2026-09-27T00:09:43Z	1	before-near-saturation	1520	1
2026-09-27T00:09:46Z	1	after-near-saturation	2525	1
2026-09-27T00:09:46Z	1	before-overload	2525	1
2026-09-27T00:09:50Z	1	after-overload	3442	1
2026-09-27T00:09:50Z	1	before-recovery	3442	1
2026-09-27T00:09:54Z	1	after-recovery	3914	1
2026-09-27T00:09:54Z	1	before-peak-envelope	3914	1
2026-09-27T00:09:57Z	1	after-peak-envelope	5127	1
2026-09-27T00:09:57Z	1	stopped	5127	1
2026-09-27T00:10:02Z	1	cooled	5127	1
2026-09-27T00:10:02Z	2	start	5127	1
2026-09-27T00:10:02Z	2	before-normal-reference	5127	1
2026-09-27T00:10:06Z	2	after-normal-reference	5540	1
2026-09-27T00:10:06Z	2	before-common-load	5540	1
2026-09-27T00:10:10Z	2	after-common-load	6067	1
2026-09-27T00:10:10Z	2	before-near-saturation	6067	1
2026-09-27T00:10:14Z	2	after-near-saturation	6604	1
2026-09-27T00:10:14Z	2	before-overload	6604	1
2026-09-27T00:10:17Z	2	after-overload	7368	1
2026-09-27T00:10:17Z	2	before-recovery	7368	1
2026-09-27T00:10:21Z	2	after-recovery	7720	1
2026-09-27T00:10:21Z	2	before-peak-envelope	7720	1
2026-09-27T00:10:25Z	2	after-peak-envelope	8544	1
2026-09-27T00:10:25Z	2	stopped	8544	1
2026-09-27T00:10:25Z	all	finished	8544	1
