scenario	repetition	candidate	run_id	stage	target_qps	runner_exit	stage_invalid_reason	scheduled	sent	received	correct_on_time	w1_positive_forward_delta	w1_negative_forward_delta	w2_cache_a_miss_delta	w2_cache_b_miss_delta	w3_domain_hit_sent	w3_ip_rule_hit_sent	w3_ip_rule_miss_sent	w3_route_a_legs_expected	w3_route_a_legs_observed	w3_route_b_legs_expected	w3_route_b_legs_observed	w3_route_c_legs_expected	w3_route_c_legs_observed	w3_route_legs_expected	w3_route_legs_observed	w3_route_legs_match	source_evidence_sha256	source_files
w1-udp	1	go	w1-udp-official-20260923T195758Z-65399	normal-reference	200	1		600	600	600	600	400	200															0ab6f80f2a71131dcb0cdabc6b4cf089869afd18a2f3cd7ab3131b18c6021bef	attempt-status.tsv;w1-udp/repetition-1/go/.run.6hq38e/counter-before-common-load.json;w1-udp/repetition-1/go/.run.6hq38e/counter-before-normal-reference.json;w1-udp/repetition-1/go/fixture-forward.json;w1-udp/repetition-1/go/invalid-stages.tsv;w1-udp/repetition-1/go/stages.jsonl
w1-udp	1	go	w1-udp-official-20260923T195758Z-65399	common-load	400	1		1200	1200	1200	1200	800	400															0f3d11c87d5a2dc2f15cc8c686766b6cd3474e55d43dda5c6dddbc605b71e666	attempt-status.tsv;w1-udp/repetition-1/go/.run.6hq38e/counter-before-common-load.json;w1-udp/repetition-1/go/.run.6hq38e/counter-before-near-saturation.json;w1-udp/repetition-1/go/fixture-forward.json;w1-udp/repetition-1/go/invalid-stages.tsv;w1-udp/repetition-1/go/stages.jsonl
w1-udp	1	go	w1-udp-official-20260923T195758Z-65399	near-saturation	800	1		2400	2400	2400	2400	1600	800															f03b3aea5c1450d40c738e4c29040711faef975096f43de610e407c7b027a392	attempt-status.tsv;w1-udp/repetition-1/go/.run.6hq38e/counter-before-near-saturation.json;w1-udp/repetition-1/go/.run.6hq38e/counter-before-overload.json;w1-udp/repetition-1/go/fixture-forward.json;w1-udp/repetition-1/go/invalid-stages.tsv;w1-udp/repetition-1/go/stages.jsonl
w1-udp	1	go	w1-udp-official-20260923T195758Z-65399	overload	1000	1		3000	3000	3000	3000	2000	1000															03ff2848ce9d75519f44b569068e7e031fbae373ec3b61e0eaae5ab1a5313474	attempt-status.tsv;w1-udp/repetition-1/go/.run.6hq38e/counter-before-overload.json;w1-udp/repetition-1/go/.run.6hq38e/counter-before-recovery.json;w1-udp/repetition-1/go/fixture-forward.json;w1-udp/repetition-1/go/invalid-stages.tsv;w1-udp/repetition-1/go/stages.jsonl
w1-udp	1	go	w1-udp-official-20260923T195758Z-65399	recovery	200	1	same-process recovery criteria failed	600	600	600	600	400	200															73d49547285deb72e9aa8337602cd9cdb8e0e087db877d2abf098a4823676b48	attempt-status.tsv;w1-udp/repetition-1/go/.run.6hq38e/counter-before-recovery.json;w1-udp/repetition-1/go/fixture-forward.json;w1-udp/repetition-1/go/invalid-stages.tsv;w1-udp/repetition-1/go/stages.jsonl
w1-udp	1	rust	w1-udp-official-20260923T195819Z-65723	normal-reference	200	1		600	600	600	600	400	200															744842e2b594f1c82fffc3363f2e6eea16d8ef3485041ee6ac3ed752ea50b612	attempt-status.tsv;w1-udp/repetition-1/rust/.run.MC0ZaI/counter-before-common-load.json;w1-udp/repetition-1/rust/.run.MC0ZaI/counter-before-normal-reference.json;w1-udp/repetition-1/rust/fixture-forward.json;w1-udp/repetition-1/rust/invalid-stages.tsv;w1-udp/repetition-1/rust/stages.jsonl
w1-udp	1	rust	w1-udp-official-20260923T195819Z-65723	common-load	400	1		1200	1200	1200	1200	800	400															8ed3113686d1d51757a78af98781c8a1d59e745361444649b44799d957fa1afd	attempt-status.tsv;w1-udp/repetition-1/rust/.run.MC0ZaI/counter-before-common-load.json;w1-udp/repetition-1/rust/.run.MC0ZaI/counter-before-near-saturation.json;w1-udp/repetition-1/rust/fixture-forward.json;w1-udp/repetition-1/rust/invalid-stages.tsv;w1-udp/repetition-1/rust/stages.jsonl
w1-udp	1	rust	w1-udp-official-20260923T195819Z-65723	near-saturation	800	1		2400	2400	2400	2400	1600	800															faa996bf659c11223b0280b988ac83c9fdb304d7a3183ea1854702cac2430f57	attempt-status.tsv;w1-udp/repetition-1/rust/.run.MC0ZaI/counter-before-near-saturation.json;w1-udp/repetition-1/rust/.run.MC0ZaI/counter-before-overload.json;w1-udp/repetition-1/rust/fixture-forward.json;w1-udp/repetition-1/rust/invalid-stages.tsv;w1-udp/repetition-1/rust/stages.jsonl
w1-udp	1	rust	w1-udp-official-20260923T195819Z-65723	overload	1000	1	sender shortfall or scheduled query not sent	2999	2999	2999	2999	2000	999															7f04264b9e0aff81a9d61251fe3cb566bfae28c6de8e6f30aaade295b8ec1a1c	attempt-status.tsv;w1-udp/repetition-1/rust/.run.MC0ZaI/counter-before-overload.json;w1-udp/repetition-1/rust/.run.MC0ZaI/counter-before-recovery.json;w1-udp/repetition-1/rust/fixture-forward.json;w1-udp/repetition-1/rust/invalid-stages.tsv;w1-udp/repetition-1/rust/stages.jsonl
w1-udp	1	rust	w1-udp-official-20260923T195819Z-65723	recovery	200	1	same-process recovery criteria failed	600	600	600	600	400	200															7afa6dad856d0f7e60fb769aa540c7cbbbfdbec68bb1d98b8ce966022f1bf6e1	attempt-status.tsv;w1-udp/repetition-1/rust/.run.MC0ZaI/counter-before-recovery.json;w1-udp/repetition-1/rust/fixture-forward.json;w1-udp/repetition-1/rust/invalid-stages.tsv;w1-udp/repetition-1/rust/stages.jsonl
w1-udp	2	go	w1-udp-official-20260923T195903Z-66348	normal-reference	200	1		600	600	600	600	400	200															82008641d96612f197b4689be628ba483762bbc9a07463660daa6a3cd9436654	attempt-status.tsv;w1-udp/repetition-2/go/.run.b88cwF/counter-before-common-load.json;w1-udp/repetition-2/go/.run.b88cwF/counter-before-normal-reference.json;w1-udp/repetition-2/go/fixture-forward.json;w1-udp/repetition-2/go/invalid-stages.tsv;w1-udp/repetition-2/go/stages.jsonl
w1-udp	2	go	w1-udp-official-20260923T195903Z-66348	common-load	400	1		1200	1200	1200	1200	800	400															f344810916f981aa4406aa288e70d416e9af2a33e7dc4bfe9bb05a6ae81a6d9a	attempt-status.tsv;w1-udp/repetition-2/go/.run.b88cwF/counter-before-common-load.json;w1-udp/repetition-2/go/.run.b88cwF/counter-before-near-saturation.json;w1-udp/repetition-2/go/fixture-forward.json;w1-udp/repetition-2/go/invalid-stages.tsv;w1-udp/repetition-2/go/stages.jsonl
w1-udp	2	go	w1-udp-official-20260923T195903Z-66348	near-saturation	800	1		2400	2400	2400	2400	1600	800															baafd7e301a8f0c9f1e65afe0b8ad43b9d2d9438e8b723c0921675893eb322e9	attempt-status.tsv;w1-udp/repetition-2/go/.run.b88cwF/counter-before-near-saturation.json;w1-udp/repetition-2/go/.run.b88cwF/counter-before-overload.json;w1-udp/repetition-2/go/fixture-forward.json;w1-udp/repetition-2/go/invalid-stages.tsv;w1-udp/repetition-2/go/stages.jsonl
w1-udp	2	go	w1-udp-official-20260923T195903Z-66348	overload	1000	1		3000	3000	3000	3000	2000	1000															d42cae254df3e33da60a6dca15e2ea029b61c1c5631ce3f1f54814e4d94f3fb3	attempt-status.tsv;w1-udp/repetition-2/go/.run.b88cwF/counter-before-overload.json;w1-udp/repetition-2/go/.run.b88cwF/counter-before-recovery.json;w1-udp/repetition-2/go/fixture-forward.json;w1-udp/repetition-2/go/invalid-stages.tsv;w1-udp/repetition-2/go/stages.jsonl
w1-udp	2	go	w1-udp-official-20260923T195903Z-66348	recovery	200	1	same-process recovery criteria failed	600	600	600	600	400	200															ecedd6875a0ac328ac673142d26dfd0e2c22a567c4a4e8454506d4b11753b2c9	attempt-status.tsv;w1-udp/repetition-2/go/.run.b88cwF/counter-before-recovery.json;w1-udp/repetition-2/go/fixture-forward.json;w1-udp/repetition-2/go/invalid-stages.tsv;w1-udp/repetition-2/go/stages.jsonl
w1-udp	2	rust	w1-udp-official-20260923T195841Z-66039	normal-reference	200	0		600	600	600	600	400	200															f08a9d955f416f0151e83b4adfe70d457d60a4c4f8b269d306518ce3cb89761b	attempt-status.tsv;w1-udp/repetition-2/rust/.run.8ZN235/counter-before-common-load.json;w1-udp/repetition-2/rust/.run.8ZN235/counter-before-normal-reference.json;w1-udp/repetition-2/rust/fixture-forward.json;w1-udp/repetition-2/rust/stages.jsonl
w1-udp	2	rust	w1-udp-official-20260923T195841Z-66039	common-load	400	0		1200	1200	1200	1200	800	400															681c1e71304fba22eabbc268808a6d3862de94d205b1277ea9809a2eb9408ea1	attempt-status.tsv;w1-udp/repetition-2/rust/.run.8ZN235/counter-before-common-load.json;w1-udp/repetition-2/rust/.run.8ZN235/counter-before-near-saturation.json;w1-udp/repetition-2/rust/fixture-forward.json;w1-udp/repetition-2/rust/stages.jsonl
w1-udp	2	rust	w1-udp-official-20260923T195841Z-66039	near-saturation	800	0		2400	2400	2400	2400	1600	800															3261422dc4f30fdbfa9c6777df7e1fe012d37cf4aed7c90911194c66a7aa0317	attempt-status.tsv;w1-udp/repetition-2/rust/.run.8ZN235/counter-before-near-saturation.json;w1-udp/repetition-2/rust/.run.8ZN235/counter-before-overload.json;w1-udp/repetition-2/rust/fixture-forward.json;w1-udp/repetition-2/rust/stages.jsonl
w1-udp	2	rust	w1-udp-official-20260923T195841Z-66039	overload	1000	0		3000	3000	3000	3000	2000	1000															42d526dd1d82872af930891e2d5ff4d678583823571c550c44afea983d53cc96	attempt-status.tsv;w1-udp/repetition-2/rust/.run.8ZN235/counter-before-overload.json;w1-udp/repetition-2/rust/.run.8ZN235/counter-before-recovery.json;w1-udp/repetition-2/rust/fixture-forward.json;w1-udp/repetition-2/rust/stages.jsonl
w1-udp	2	rust	w1-udp-official-20260923T195841Z-66039	recovery	200	0		600	600	600	600	400	200															51855960ed884887bc1b9931a5c09d482aac3cc47b2c3ed790567bb64c2a8afe	attempt-status.tsv;w1-udp/repetition-2/rust/.run.8ZN235/counter-before-recovery.json;w1-udp/repetition-2/rust/fixture-forward.json;w1-udp/repetition-2/rust/stages.jsonl
w1-udp	3	go	w1-udp-official-20260923T195924Z-66671	normal-reference	200	1		600	600	600	600	400	200															d050048fcac04d7b11707e48d6f525e273b5595ec576479c06bd3578ee392d45	attempt-status.tsv;w1-udp/repetition-3/go/.run.38c6tg/counter-before-common-load.json;w1-udp/repetition-3/go/.run.38c6tg/counter-before-normal-reference.json;w1-udp/repetition-3/go/fixture-forward.json;w1-udp/repetition-3/go/invalid-stages.tsv;w1-udp/repetition-3/go/stages.jsonl
w1-udp	3	go	w1-udp-official-20260923T195924Z-66671	common-load	400	1		1200	1200	1200	1200	800	400															21f83d7f06ceaff7927e2139b6d250edea37cf194ab67fa9951d63d29a52bd9b	attempt-status.tsv;w1-udp/repetition-3/go/.run.38c6tg/counter-before-common-load.json;w1-udp/repetition-3/go/.run.38c6tg/counter-before-near-saturation.json;w1-udp/repetition-3/go/fixture-forward.json;w1-udp/repetition-3/go/invalid-stages.tsv;w1-udp/repetition-3/go/stages.jsonl
w1-udp	3	go	w1-udp-official-20260923T195924Z-66671	near-saturation	800	1	sender shortfall or scheduled query not sent	2399	2399	2399	2399	1599	800															15434ff21d5caa51707d4184b0e64d24947c3d8306af25e75b3bca1b27c92d4a	attempt-status.tsv;w1-udp/repetition-3/go/.run.38c6tg/counter-before-near-saturation.json;w1-udp/repetition-3/go/.run.38c6tg/counter-before-overload.json;w1-udp/repetition-3/go/fixture-forward.json;w1-udp/repetition-3/go/invalid-stages.tsv;w1-udp/repetition-3/go/stages.jsonl
w1-udp	3	go	w1-udp-official-20260923T195924Z-66671	overload	1000	1		3000	3000	3000	3000	2000	1000															7dbf4e71da43405a5ecab7c88e44211a39375155e77ada9ece2ac5a3fac9e959	attempt-status.tsv;w1-udp/repetition-3/go/.run.38c6tg/counter-before-overload.json;w1-udp/repetition-3/go/.run.38c6tg/counter-before-recovery.json;w1-udp/repetition-3/go/fixture-forward.json;w1-udp/repetition-3/go/invalid-stages.tsv;w1-udp/repetition-3/go/stages.jsonl
w1-udp	3	go	w1-udp-official-20260923T195924Z-66671	recovery	200	1	same-process recovery criteria failed	600	600	600	600	400	200															5a92726951c01502a3585fa4b296a98016bfef4ba88852c2129b4beb33409f8d	attempt-status.tsv;w1-udp/repetition-3/go/.run.38c6tg/counter-before-recovery.json;w1-udp/repetition-3/go/fixture-forward.json;w1-udp/repetition-3/go/invalid-stages.tsv;w1-udp/repetition-3/go/stages.jsonl
w1-udp	3	rust	w1-udp-official-20260923T195946Z-66999	normal-reference	200	0		600	600	600	600	400	200															10ee22262e918a9f6cfd235387739f41ba218319362316a1b696e95619cf7684	attempt-status.tsv;w1-udp/repetition-3/rust/.run.5pyVx9/counter-before-common-load.json;w1-udp/repetition-3/rust/.run.5pyVx9/counter-before-normal-reference.json;w1-udp/repetition-3/rust/fixture-forward.json;w1-udp/repetition-3/rust/stages.jsonl
w1-udp	3	rust	w1-udp-official-20260923T195946Z-66999	common-load	400	0		1200	1200	1200	1200	800	400															c6be2d198c6dee0b44ac19d7e728b4945c6d0e866afacca03608696bc86655cc	attempt-status.tsv;w1-udp/repetition-3/rust/.run.5pyVx9/counter-before-common-load.json;w1-udp/repetition-3/rust/.run.5pyVx9/counter-before-near-saturation.json;w1-udp/repetition-3/rust/fixture-forward.json;w1-udp/repetition-3/rust/stages.jsonl
w1-udp	3	rust	w1-udp-official-20260923T195946Z-66999	near-saturation	800	0		2400	2400	2400	2400	1600	800															bfa2624da33deec37e3d9e6c5a9f4dc9d5da4642e62b760b2b88fc73b5e6f4a3	attempt-status.tsv;w1-udp/repetition-3/rust/.run.5pyVx9/counter-before-near-saturation.json;w1-udp/repetition-3/rust/.run.5pyVx9/counter-before-overload.json;w1-udp/repetition-3/rust/fixture-forward.json;w1-udp/repetition-3/rust/stages.jsonl
w1-udp	3	rust	w1-udp-official-20260923T195946Z-66999	overload	1000	0		3000	3000	3000	3000	2000	1000															7a50aa3a5c0a727dc70ec4ec65de766f37298375566a64cf73fc6d5abfd1c852	attempt-status.tsv;w1-udp/repetition-3/rust/.run.5pyVx9/counter-before-overload.json;w1-udp/repetition-3/rust/.run.5pyVx9/counter-before-recovery.json;w1-udp/repetition-3/rust/fixture-forward.json;w1-udp/repetition-3/rust/stages.jsonl
w1-udp	3	rust	w1-udp-official-20260923T195946Z-66999	recovery	200	0		600	600	600	600	400	200															a65304978af9f449807c46d7878c0f79cfa7ce28fad1027ce8d183d7764ee1e1	attempt-status.tsv;w1-udp/repetition-3/rust/.run.5pyVx9/counter-before-recovery.json;w1-udp/repetition-3/rust/fixture-forward.json;w1-udp/repetition-3/rust/stages.jsonl
w1-tcp	1	go	w1-tcp-official-20260923T200007Z-67313	normal-reference	200	1		600	600	600	600	400	200															0c3ffa9a8e125b30f6917a924677a8b2c6536663d479edccdd9078fc70c3a2e1	attempt-status.tsv;w1-tcp/repetition-1/go/.run.j51Tnv/counter-before-common-load.json;w1-tcp/repetition-1/go/.run.j51Tnv/counter-before-normal-reference.json;w1-tcp/repetition-1/go/fixture-forward.json;w1-tcp/repetition-1/go/invalid-stages.tsv;w1-tcp/repetition-1/go/stages.jsonl
w1-tcp	1	go	w1-tcp-official-20260923T200007Z-67313	common-load	400	1		1200	1200	1200	1200	800	400															ad98746d0693b15f64600f248125d0402f4c2369852a6dc20aad8da28ce7f4c6	attempt-status.tsv;w1-tcp/repetition-1/go/.run.j51Tnv/counter-before-common-load.json;w1-tcp/repetition-1/go/.run.j51Tnv/counter-before-near-saturation.json;w1-tcp/repetition-1/go/fixture-forward.json;w1-tcp/repetition-1/go/invalid-stages.tsv;w1-tcp/repetition-1/go/stages.jsonl
w1-tcp	1	go	w1-tcp-official-20260923T200007Z-67313	near-saturation	800	1		2400	2400	2400	2400	1600	800															9658678d079b873153f40dbe5f9c2b6ca67ce84e81fa5682f340da689c6d17b6	attempt-status.tsv;w1-tcp/repetition-1/go/.run.j51Tnv/counter-before-near-saturation.json;w1-tcp/repetition-1/go/.run.j51Tnv/counter-before-overload.json;w1-tcp/repetition-1/go/fixture-forward.json;w1-tcp/repetition-1/go/invalid-stages.tsv;w1-tcp/repetition-1/go/stages.jsonl
w1-tcp	1	go	w1-tcp-official-20260923T200007Z-67313	overload	1000	1		3000	3000	3000	3000	2000	1000															95f7adbbe9cfadea58e26368e8b23bb57e4f8afc96a1a4a2334f37efc06438cb	attempt-status.tsv;w1-tcp/repetition-1/go/.run.j51Tnv/counter-before-overload.json;w1-tcp/repetition-1/go/.run.j51Tnv/counter-before-recovery.json;w1-tcp/repetition-1/go/fixture-forward.json;w1-tcp/repetition-1/go/invalid-stages.tsv;w1-tcp/repetition-1/go/stages.jsonl
w1-tcp	1	go	w1-tcp-official-20260923T200007Z-67313	recovery	200	1	same-process recovery criteria failed	600	600	600	600	400	200															c8da876e96c506a3b219f53ed7a92e81728b8c1f549fe7b623d2f23e0aa424d9	attempt-status.tsv;w1-tcp/repetition-1/go/.run.j51Tnv/counter-before-recovery.json;w1-tcp/repetition-1/go/fixture-forward.json;w1-tcp/repetition-1/go/invalid-stages.tsv;w1-tcp/repetition-1/go/stages.jsonl
w1-tcp	1	rust	w1-tcp-official-20260923T200026Z-67646	normal-reference	200	1		600	600	600	600	400	200															bfe13e11f2433b89eb4321634c8a04484df6f262067849f7743417da5851fa02	attempt-status.tsv;w1-tcp/repetition-1/rust/.run.G8JAjc/counter-before-common-load.json;w1-tcp/repetition-1/rust/.run.G8JAjc/counter-before-normal-reference.json;w1-tcp/repetition-1/rust/fixture-forward.json;w1-tcp/repetition-1/rust/invalid-stages.tsv;w1-tcp/repetition-1/rust/stages.jsonl
w1-tcp	1	rust	w1-tcp-official-20260923T200026Z-67646	common-load	400	1		1200	1200	1200	1200	800	400															22ae95edf0e6ffbb6fadd4e476d7bd01c99673591b27bb26ccbd390cbbcd094e	attempt-status.tsv;w1-tcp/repetition-1/rust/.run.G8JAjc/counter-before-common-load.json;w1-tcp/repetition-1/rust/.run.G8JAjc/counter-before-near-saturation.json;w1-tcp/repetition-1/rust/fixture-forward.json;w1-tcp/repetition-1/rust/invalid-stages.tsv;w1-tcp/repetition-1/rust/stages.jsonl
w1-tcp	1	rust	w1-tcp-official-20260923T200026Z-67646	near-saturation	800	1		2400	2400	2400	2400	1600	800															2a340e61afbb90b7ab39e6a9f744b785566112d82c9aad8fd8acbd9625c09043	attempt-status.tsv;w1-tcp/repetition-1/rust/.run.G8JAjc/counter-before-near-saturation.json;w1-tcp/repetition-1/rust/.run.G8JAjc/counter-before-overload.json;w1-tcp/repetition-1/rust/fixture-forward.json;w1-tcp/repetition-1/rust/invalid-stages.tsv;w1-tcp/repetition-1/rust/stages.jsonl
w1-tcp	1	rust	w1-tcp-official-20260923T200026Z-67646	overload	1000	1		3000	3000	3000	3000	2000	1000															11c55d277ba55fbffa05cb7090628ed4321df3e2dd6de69bb37bfa0e5420202b	attempt-status.tsv;w1-tcp/repetition-1/rust/.run.G8JAjc/counter-before-overload.json;w1-tcp/repetition-1/rust/.run.G8JAjc/counter-before-recovery.json;w1-tcp/repetition-1/rust/fixture-forward.json;w1-tcp/repetition-1/rust/invalid-stages.tsv;w1-tcp/repetition-1/rust/stages.jsonl
w1-tcp	1	rust	w1-tcp-official-20260923T200026Z-67646	recovery	200	1	same-process recovery criteria failed	600	600	600	600	400	200															20343efdfdfa6e5c5c44535d9646346d6f42be1e81b6e0b758da36cc743d5d45	attempt-status.tsv;w1-tcp/repetition-1/rust/.run.G8JAjc/counter-before-recovery.json;w1-tcp/repetition-1/rust/fixture-forward.json;w1-tcp/repetition-1/rust/invalid-stages.tsv;w1-tcp/repetition-1/rust/stages.jsonl
w1-tcp	2	go	w1-tcp-official-20260923T200103Z-68251	normal-reference	200	1		600	600	600	600	400	200															65c28c0c94e472bb14c34de9406b1d56cf676b24ff8e834d2433baf24e21f214	attempt-status.tsv;w1-tcp/repetition-2/go/.run.FJSMup/counter-before-common-load.json;w1-tcp/repetition-2/go/.run.FJSMup/counter-before-normal-reference.json;w1-tcp/repetition-2/go/fixture-forward.json;w1-tcp/repetition-2/go/invalid-stages.tsv;w1-tcp/repetition-2/go/stages.jsonl
w1-tcp	2	go	w1-tcp-official-20260923T200103Z-68251	common-load	400	1		1200	1200	1200	1200	800	400															c64b6bc7e4b9fa9763a426694bf7914b3ed12128dcad52f2ea93bbcb33b9d3bf	attempt-status.tsv;w1-tcp/repetition-2/go/.run.FJSMup/counter-before-common-load.json;w1-tcp/repetition-2/go/.run.FJSMup/counter-before-near-saturation.json;w1-tcp/repetition-2/go/fixture-forward.json;w1-tcp/repetition-2/go/invalid-stages.tsv;w1-tcp/repetition-2/go/stages.jsonl
w1-tcp	2	go	w1-tcp-official-20260923T200103Z-68251	near-saturation	800	1		2400	2400	2400	2400	1600	800															de2a6937e6ed69827aff1f636520f411c2536abe05212f450f1b493dbf651116	attempt-status.tsv;w1-tcp/repetition-2/go/.run.FJSMup/counter-before-near-saturation.json;w1-tcp/repetition-2/go/.run.FJSMup/counter-before-overload.json;w1-tcp/repetition-2/go/fixture-forward.json;w1-tcp/repetition-2/go/invalid-stages.tsv;w1-tcp/repetition-2/go/stages.jsonl
w1-tcp	2	go	w1-tcp-official-20260923T200103Z-68251	overload	1000	1		3000	3000	3000	3000	2000	1000															e93056f424b46f6cbadafe6097e7b207b2a52c871676d5f7bfb111046ba4b360	attempt-status.tsv;w1-tcp/repetition-2/go/.run.FJSMup/counter-before-overload.json;w1-tcp/repetition-2/go/.run.FJSMup/counter-before-recovery.json;w1-tcp/repetition-2/go/fixture-forward.json;w1-tcp/repetition-2/go/invalid-stages.tsv;w1-tcp/repetition-2/go/stages.jsonl
w1-tcp	2	go	w1-tcp-official-20260923T200103Z-68251	recovery	200	1	same-process recovery criteria failed	600	600	600	600	400	200															9a3f22957bc1994ff6dd6b3519f51ae1f3194962265508d140453e2bfff7913f	attempt-status.tsv;w1-tcp/repetition-2/go/.run.FJSMup/counter-before-recovery.json;w1-tcp/repetition-2/go/fixture-forward.json;w1-tcp/repetition-2/go/invalid-stages.tsv;w1-tcp/repetition-2/go/stages.jsonl
w1-tcp	2	rust	w1-tcp-official-20260923T200045Z-67949	normal-reference	200	1		600	600	600	600	400	200															5ae999e82581cf71b6cfbfe6c073bd3a48f60c40bc09d29ba16d528a9b34996f	attempt-status.tsv;w1-tcp/repetition-2/rust/.run.uem1k1/counter-before-common-load.json;w1-tcp/repetition-2/rust/.run.uem1k1/counter-before-normal-reference.json;w1-tcp/repetition-2/rust/fixture-forward.json;w1-tcp/repetition-2/rust/invalid-stages.tsv;w1-tcp/repetition-2/rust/stages.jsonl
w1-tcp	2	rust	w1-tcp-official-20260923T200045Z-67949	common-load	400	1		1200	1200	1200	1200	800	400															d9c0a1edda161e700e5b42ee8960f278a936bbdbc0bc14556fe4eb81732014e6	attempt-status.tsv;w1-tcp/repetition-2/rust/.run.uem1k1/counter-before-common-load.json;w1-tcp/repetition-2/rust/.run.uem1k1/counter-before-near-saturation.json;w1-tcp/repetition-2/rust/fixture-forward.json;w1-tcp/repetition-2/rust/invalid-stages.tsv;w1-tcp/repetition-2/rust/stages.jsonl
w1-tcp	2	rust	w1-tcp-official-20260923T200045Z-67949	near-saturation	800	1		2400	2400	2400	2400	1600	800															de2a90211550eeadc1f5d3720de9bb64452afc5ee4803b9d3e86153b133f6b27	attempt-status.tsv;w1-tcp/repetition-2/rust/.run.uem1k1/counter-before-near-saturation.json;w1-tcp/repetition-2/rust/.run.uem1k1/counter-before-overload.json;w1-tcp/repetition-2/rust/fixture-forward.json;w1-tcp/repetition-2/rust/invalid-stages.tsv;w1-tcp/repetition-2/rust/stages.jsonl
w1-tcp	2	rust	w1-tcp-official-20260923T200045Z-67949	overload	1000	1		3000	3000	3000	3000	2000	1000															4023dfb1c62dce60558dd0d7dd2b43bc7ef1cb5c754affcd4bb856d9602ca673	attempt-status.tsv;w1-tcp/repetition-2/rust/.run.uem1k1/counter-before-overload.json;w1-tcp/repetition-2/rust/.run.uem1k1/counter-before-recovery.json;w1-tcp/repetition-2/rust/fixture-forward.json;w1-tcp/repetition-2/rust/invalid-stages.tsv;w1-tcp/repetition-2/rust/stages.jsonl
w1-tcp	2	rust	w1-tcp-official-20260923T200045Z-67949	recovery	200	1	same-process recovery criteria failed	600	600	600	600	400	200															162fe69693ce5794995a02f019f1a7c8ab0d9686aea7f865d7a7ab6c79035792	attempt-status.tsv;w1-tcp/repetition-2/rust/.run.uem1k1/counter-before-recovery.json;w1-tcp/repetition-2/rust/fixture-forward.json;w1-tcp/repetition-2/rust/invalid-stages.tsv;w1-tcp/repetition-2/rust/stages.jsonl
w1-tcp	3	go	w1-tcp-official-20260923T200122Z-68579	normal-reference	200	1		600	600	600	600	400	200															e3a80184ca18ba2ee7b5ba4beeb2adca6976cf3d68d845d50dec9a7b240980ea	attempt-status.tsv;w1-tcp/repetition-3/go/.run.QHEBlt/counter-before-common-load.json;w1-tcp/repetition-3/go/.run.QHEBlt/counter-before-normal-reference.json;w1-tcp/repetition-3/go/fixture-forward.json;w1-tcp/repetition-3/go/invalid-stages.tsv;w1-tcp/repetition-3/go/stages.jsonl
w1-tcp	3	go	w1-tcp-official-20260923T200122Z-68579	common-load	400	1		1200	1200	1200	1200	800	400															721632acb4f6d91abdb9a67c7a9cfcb0213048e796178903e9accc4361a5c09c	attempt-status.tsv;w1-tcp/repetition-3/go/.run.QHEBlt/counter-before-common-load.json;w1-tcp/repetition-3/go/.run.QHEBlt/counter-before-near-saturation.json;w1-tcp/repetition-3/go/fixture-forward.json;w1-tcp/repetition-3/go/invalid-stages.tsv;w1-tcp/repetition-3/go/stages.jsonl
w1-tcp	3	go	w1-tcp-official-20260923T200122Z-68579	near-saturation	800	1		2400	2400	2400	2400	1600	800															0e6ffd1a344018e248925916257bec91cf4a85878f597b292ea77817e08ebe9f	attempt-status.tsv;w1-tcp/repetition-3/go/.run.QHEBlt/counter-before-near-saturation.json;w1-tcp/repetition-3/go/.run.QHEBlt/counter-before-overload.json;w1-tcp/repetition-3/go/fixture-forward.json;w1-tcp/repetition-3/go/invalid-stages.tsv;w1-tcp/repetition-3/go/stages.jsonl
w1-tcp	3	go	w1-tcp-official-20260923T200122Z-68579	overload	1000	1		3000	3000	3000	3000	2000	1000															9805783a6cf372635b247222c8284daea0beccf172eecb0479784ed19a650e04	attempt-status.tsv;w1-tcp/repetition-3/go/.run.QHEBlt/counter-before-overload.json;w1-tcp/repetition-3/go/.run.QHEBlt/counter-before-recovery.json;w1-tcp/repetition-3/go/fixture-forward.json;w1-tcp/repetition-3/go/invalid-stages.tsv;w1-tcp/repetition-3/go/stages.jsonl
w1-tcp	3	go	w1-tcp-official-20260923T200122Z-68579	recovery	200	1	same-process recovery criteria failed	600	600	600	600	400	200															b9cf0775f52262dc23616cfd13d6ef6a604c91c3525813cb27ec3d1fffdbf4e8	attempt-status.tsv;w1-tcp/repetition-3/go/.run.QHEBlt/counter-before-recovery.json;w1-tcp/repetition-3/go/fixture-forward.json;w1-tcp/repetition-3/go/invalid-stages.tsv;w1-tcp/repetition-3/go/stages.jsonl
w1-tcp	3	rust	w1-tcp-official-20260923T200141Z-68909	normal-reference	200	0		600	600	600	600	400	200															8000ccade78b179df8e2aebfb95e896cdb637bdb365c9b9392705a00fe9eb4c9	attempt-status.tsv;w1-tcp/repetition-3/rust/.run.X59Uv5/counter-before-common-load.json;w1-tcp/repetition-3/rust/.run.X59Uv5/counter-before-normal-reference.json;w1-tcp/repetition-3/rust/fixture-forward.json;w1-tcp/repetition-3/rust/stages.jsonl
w1-tcp	3	rust	w1-tcp-official-20260923T200141Z-68909	common-load	400	0		1200	1200	1200	1200	800	400															7199810d5518bcf5f69934323f037ada39facf12fce7cda6ba5520d49d1f89e4	attempt-status.tsv;w1-tcp/repetition-3/rust/.run.X59Uv5/counter-before-common-load.json;w1-tcp/repetition-3/rust/.run.X59Uv5/counter-before-near-saturation.json;w1-tcp/repetition-3/rust/fixture-forward.json;w1-tcp/repetition-3/rust/stages.jsonl
w1-tcp	3	rust	w1-tcp-official-20260923T200141Z-68909	near-saturation	800	0		2400	2400	2400	2400	1600	800															4dc8814215f8c206050a0c0bd9796b256438d2fd967500349062c4eb3ac6d914	attempt-status.tsv;w1-tcp/repetition-3/rust/.run.X59Uv5/counter-before-near-saturation.json;w1-tcp/repetition-3/rust/.run.X59Uv5/counter-before-overload.json;w1-tcp/repetition-3/rust/fixture-forward.json;w1-tcp/repetition-3/rust/stages.jsonl
w1-tcp	3	rust	w1-tcp-official-20260923T200141Z-68909	overload	1000	0		3000	3000	3000	3000	2000	1000															c8b5567a921dada4f719ffad9dd7ed8277ee4c1a69a0b312670396bcdca7cd84	attempt-status.tsv;w1-tcp/repetition-3/rust/.run.X59Uv5/counter-before-overload.json;w1-tcp/repetition-3/rust/.run.X59Uv5/counter-before-recovery.json;w1-tcp/repetition-3/rust/fixture-forward.json;w1-tcp/repetition-3/rust/stages.jsonl
w1-tcp	3	rust	w1-tcp-official-20260923T200141Z-68909	recovery	200	0		600	600	600	600	400	200															3e83f0ebb0e36fe266ba1a2b2c81f1be3342bb34af11d108d28e4a0c4314db38	attempt-status.tsv;w1-tcp/repetition-3/rust/.run.X59Uv5/counter-before-recovery.json;w1-tcp/repetition-3/rust/fixture-forward.json;w1-tcp/repetition-3/rust/stages.jsonl
w2	1	go	w2-official-20260923T200200Z-69221-w2-cold	official-w2-cold	200	1		600	600	600	600			1	1													a1b2b5209b9066f26402adcf84f6b45d3106475c65107b501c7e5c02f1e26232	attempt-status.tsv;w2/repetition-1/go/.run.5Ab1Yo/counter-before-official-w2-cold.json;w2/repetition-1/go/invalid-stages.tsv;w2/repetition-1/go/w2-cold/fixture-cache.json;w2/repetition-1/go/w2-cold/stages.jsonl
w2	1	go	w2-official-20260923T200200Z-69221-w2-warm	warm-prefill	200	1		2	2	2	2			1	1													49d74df92630ef2d33443caa9c39d6e1f87a64aae04770aa9377e066a2380ae1	attempt-status.tsv;w2/repetition-1/go/.run.5Ab1Yo/w2-prefill-before-counter.json;w2/repetition-1/go/.run.5Ab1Yo/w2-prefill-counter.json;w2/repetition-1/go/invalid-stages.tsv;w2/repetition-1/go/w2-warm/prefill/stages.jsonl
w2	1	go	w2-official-20260923T200200Z-69221-w2-warm	normal-reference	200	1		600	600	600	600			0	0													9020f8c9571af0c6716552b74fe7f03af87d2685e33513cb22520b5815ef8adf	attempt-status.tsv;w2/repetition-1/go/.run.5Ab1Yo/counter-before-common-load.json;w2/repetition-1/go/.run.5Ab1Yo/counter-before-normal-reference.json;w2/repetition-1/go/invalid-stages.tsv;w2/repetition-1/go/w2-warm/fixture-cache.json;w2/repetition-1/go/w2-warm/stages.jsonl
w2	1	go	w2-official-20260923T200200Z-69221-w2-warm	common-load	400	1		1200	1200	1200	1200			0	0													760c5a0fb4f78aa4ec5e02835e306e0809110d23a9b6c4048e42221873d1b596	attempt-status.tsv;w2/repetition-1/go/.run.5Ab1Yo/counter-before-common-load.json;w2/repetition-1/go/.run.5Ab1Yo/counter-before-near-saturation.json;w2/repetition-1/go/invalid-stages.tsv;w2/repetition-1/go/w2-warm/fixture-cache.json;w2/repetition-1/go/w2-warm/stages.jsonl
w2	1	go	w2-official-20260923T200200Z-69221-w2-warm	near-saturation	800	1		2400	2400	2400	2400			0	0													cc65dcff718b0b14abdb16cddd8708865b06c0f72a622ac945bbe3b1e3e4c3f4	attempt-status.tsv;w2/repetition-1/go/.run.5Ab1Yo/counter-before-near-saturation.json;w2/repetition-1/go/.run.5Ab1Yo/counter-before-overload.json;w2/repetition-1/go/invalid-stages.tsv;w2/repetition-1/go/w2-warm/fixture-cache.json;w2/repetition-1/go/w2-warm/stages.jsonl
w2	1	go	w2-official-20260923T200200Z-69221-w2-warm	overload	1000	1		3000	3000	3000	3000			0	0													0e81cf4048d1b60d2e0ae6ae427a5e5a478b9ae785d9b629fbf71051ec091d80	attempt-status.tsv;w2/repetition-1/go/.run.5Ab1Yo/counter-before-overload.json;w2/repetition-1/go/.run.5Ab1Yo/counter-before-recovery.json;w2/repetition-1/go/invalid-stages.tsv;w2/repetition-1/go/w2-warm/fixture-cache.json;w2/repetition-1/go/w2-warm/stages.jsonl
w2	1	go	w2-official-20260923T200200Z-69221-w2-warm	recovery	200	1	same-process recovery criteria failed	600	600	600	600			0	0													5f18beebf1e67cfcb57913f8a380524d9e5288cc106fd6a71815b53e5e08800b	attempt-status.tsv;w2/repetition-1/go/.run.5Ab1Yo/counter-before-recovery.json;w2/repetition-1/go/invalid-stages.tsv;w2/repetition-1/go/w2-warm/fixture-cache.json;w2/repetition-1/go/w2-warm/stages.jsonl
w2	1	rust	w2-official-20260923T200229Z-69666-w2-cold	official-w2-cold	200	1		600	600	600	600			1	1													e0c3f0675bfae1f46a342a3b0e49d2544a87088432d79998450e44b5548779ef	attempt-status.tsv;w2/repetition-1/rust/.run.vkHZX0/counter-before-official-w2-cold.json;w2/repetition-1/rust/invalid-stages.tsv;w2/repetition-1/rust/w2-cold/fixture-cache.json;w2/repetition-1/rust/w2-cold/stages.jsonl
w2	1	rust	w2-official-20260923T200229Z-69666-w2-warm	warm-prefill	200	1		2	2	2	2			1	1													c40821f40926039682f8cc3e71ace1baa03cfc492cc1ceefddf7820a782d612d	attempt-status.tsv;w2/repetition-1/rust/.run.vkHZX0/w2-prefill-before-counter.json;w2/repetition-1/rust/.run.vkHZX0/w2-prefill-counter.json;w2/repetition-1/rust/invalid-stages.tsv;w2/repetition-1/rust/w2-warm/prefill/stages.jsonl
w2	1	rust	w2-official-20260923T200229Z-69666-w2-warm	normal-reference	200	1		600	600	600	600			0	0													260b1101c37e302dcf0e8b861c66cd4eef7bd2c9850acb5a089c582c47c9c422	attempt-status.tsv;w2/repetition-1/rust/.run.vkHZX0/counter-before-common-load.json;w2/repetition-1/rust/.run.vkHZX0/counter-before-normal-reference.json;w2/repetition-1/rust/invalid-stages.tsv;w2/repetition-1/rust/w2-warm/fixture-cache.json;w2/repetition-1/rust/w2-warm/stages.jsonl
w2	1	rust	w2-official-20260923T200229Z-69666-w2-warm	common-load	400	1		1200	1200	1200	1200			0	0													14f28ed9f405b471018175f92cd1c23961b2e8d2a5b880fdea8ffa67ef6c8943	attempt-status.tsv;w2/repetition-1/rust/.run.vkHZX0/counter-before-common-load.json;w2/repetition-1/rust/.run.vkHZX0/counter-before-near-saturation.json;w2/repetition-1/rust/invalid-stages.tsv;w2/repetition-1/rust/w2-warm/fixture-cache.json;w2/repetition-1/rust/w2-warm/stages.jsonl
w2	1	rust	w2-official-20260923T200229Z-69666-w2-warm	near-saturation	800	1		2400	2400	2400	2400			0	0													d9c4ffb6e303b4260215b9d3e4e3a9e6ca3da799dca2502c70d5691771fd58ff	attempt-status.tsv;w2/repetition-1/rust/.run.vkHZX0/counter-before-near-saturation.json;w2/repetition-1/rust/.run.vkHZX0/counter-before-overload.json;w2/repetition-1/rust/invalid-stages.tsv;w2/repetition-1/rust/w2-warm/fixture-cache.json;w2/repetition-1/rust/w2-warm/stages.jsonl
w2	1	rust	w2-official-20260923T200229Z-69666-w2-warm	overload	1000	1	sender shortfall or scheduled query not sent	2999	2999	2999	2999			0	0													1abcd595eb9bdd1ecd931804c40c5a0af242b2dc184c157c94b2292d79b5c383	attempt-status.tsv;w2/repetition-1/rust/.run.vkHZX0/counter-before-overload.json;w2/repetition-1/rust/.run.vkHZX0/counter-before-recovery.json;w2/repetition-1/rust/invalid-stages.tsv;w2/repetition-1/rust/w2-warm/fixture-cache.json;w2/repetition-1/rust/w2-warm/stages.jsonl
w2	1	rust	w2-official-20260923T200229Z-69666-w2-warm	recovery	200	1	same-process recovery criteria failed	600	600	600	600			0	0													1bce8c5d0ce4b5dfc7afa3720cb9e0ed716aca841866f5bca315cee1418fe8e0	attempt-status.tsv;w2/repetition-1/rust/.run.vkHZX0/counter-before-recovery.json;w2/repetition-1/rust/invalid-stages.tsv;w2/repetition-1/rust/w2-warm/fixture-cache.json;w2/repetition-1/rust/w2-warm/stages.jsonl
w2	2	go	w2-official-20260923T200327Z-70511-w2-cold	official-w2-cold	200	0		600	600	600	600			1	1													c5bd00525812b0f43153d802579651eab7ccda8b2b1b45ba90852b43a1d15469	attempt-status.tsv;w2/repetition-2/go/.run.O8Uunq/counter-before-official-w2-cold.json;w2/repetition-2/go/w2-cold/fixture-cache.json;w2/repetition-2/go/w2-cold/stages.jsonl
w2	2	go	w2-official-20260923T200327Z-70511-w2-warm	warm-prefill	200	0		2	2	2	2			1	1													505e8bc411d2bb4ddc69bd77e5378d5bc038ae9e2e1bce0cf8d6d35adf9c7475	attempt-status.tsv;w2/repetition-2/go/.run.O8Uunq/w2-prefill-before-counter.json;w2/repetition-2/go/.run.O8Uunq/w2-prefill-counter.json;w2/repetition-2/go/w2-warm/prefill/stages.jsonl
w2	2	go	w2-official-20260923T200327Z-70511-w2-warm	normal-reference	200	0		600	600	600	600			0	0													a958657dd1d15f447952ebeaba230cbb460280d2b1435cea2d2b12c0290810dd	attempt-status.tsv;w2/repetition-2/go/.run.O8Uunq/counter-before-common-load.json;w2/repetition-2/go/.run.O8Uunq/counter-before-normal-reference.json;w2/repetition-2/go/w2-warm/fixture-cache.json;w2/repetition-2/go/w2-warm/stages.jsonl
w2	2	go	w2-official-20260923T200327Z-70511-w2-warm	common-load	400	0		1200	1200	1200	1200			0	0													b7f18f5eb10db989c706cc6cb899340a6f179d6036fda35b48bd7862788d5416	attempt-status.tsv;w2/repetition-2/go/.run.O8Uunq/counter-before-common-load.json;w2/repetition-2/go/.run.O8Uunq/counter-before-near-saturation.json;w2/repetition-2/go/w2-warm/fixture-cache.json;w2/repetition-2/go/w2-warm/stages.jsonl
w2	2	go	w2-official-20260923T200327Z-70511-w2-warm	near-saturation	800	0		2400	2400	2400	2400			0	0													82478b04b5b64ce023af9f8e69814d180fdc50e0c2c15a64d9850545a6bf0fc6	attempt-status.tsv;w2/repetition-2/go/.run.O8Uunq/counter-before-near-saturation.json;w2/repetition-2/go/.run.O8Uunq/counter-before-overload.json;w2/repetition-2/go/w2-warm/fixture-cache.json;w2/repetition-2/go/w2-warm/stages.jsonl
w2	2	go	w2-official-20260923T200327Z-70511-w2-warm	overload	1000	0		3000	3000	3000	3000			0	0													0fc9e131bdc9899c780cec7ee868aed9fd080bedcf64ade1810d644276c8a337	attempt-status.tsv;w2/repetition-2/go/.run.O8Uunq/counter-before-overload.json;w2/repetition-2/go/.run.O8Uunq/counter-before-recovery.json;w2/repetition-2/go/w2-warm/fixture-cache.json;w2/repetition-2/go/w2-warm/stages.jsonl
w2	2	go	w2-official-20260923T200327Z-70511-w2-warm	recovery	200	0		600	600	600	600			0	0													3008374d833f214abb25feb97e223c327dae6700a591916d7a1bdb6569da970d	attempt-status.tsv;w2/repetition-2/go/.run.O8Uunq/counter-before-recovery.json;w2/repetition-2/go/w2-warm/fixture-cache.json;w2/repetition-2/go/w2-warm/stages.jsonl
w2	2	rust	w2-official-20260923T200258Z-70088-w2-cold	official-w2-cold	200	1		600	600	600	600			1	1													d909f3f3c121800b167284d09841952a576e36f306c83ed322afc8799b76ee2a	attempt-status.tsv;w2/repetition-2/rust/.run.mMgc8M/counter-before-official-w2-cold.json;w2/repetition-2/rust/invalid-stages.tsv;w2/repetition-2/rust/w2-cold/fixture-cache.json;w2/repetition-2/rust/w2-cold/stages.jsonl
w2	2	rust	w2-official-20260923T200258Z-70088-w2-warm	warm-prefill	200	1		2	2	2	2			1	1													9e6abbfdb97f2b9e06e505c2771e2ecb90a2817e648171afbf4e2a05fd7ea0f7	attempt-status.tsv;w2/repetition-2/rust/.run.mMgc8M/w2-prefill-before-counter.json;w2/repetition-2/rust/.run.mMgc8M/w2-prefill-counter.json;w2/repetition-2/rust/invalid-stages.tsv;w2/repetition-2/rust/w2-warm/prefill/stages.jsonl
w2	2	rust	w2-official-20260923T200258Z-70088-w2-warm	normal-reference	200	1		600	600	600	600			0	0													9cbcd448e5b4abe9c006e3f6bc18683f3c191a674ee67188e9f56f2c9d265ae9	attempt-status.tsv;w2/repetition-2/rust/.run.mMgc8M/counter-before-common-load.json;w2/repetition-2/rust/.run.mMgc8M/counter-before-normal-reference.json;w2/repetition-2/rust/invalid-stages.tsv;w2/repetition-2/rust/w2-warm/fixture-cache.json;w2/repetition-2/rust/w2-warm/stages.jsonl
w2	2	rust	w2-official-20260923T200258Z-70088-w2-warm	common-load	400	1		1200	1200	1200	1200			0	0													2ab918f746c2b903437dc59cd970041dfc0ce03b520890920ca4ea862857dbdb	attempt-status.tsv;w2/repetition-2/rust/.run.mMgc8M/counter-before-common-load.json;w2/repetition-2/rust/.run.mMgc8M/counter-before-near-saturation.json;w2/repetition-2/rust/invalid-stages.tsv;w2/repetition-2/rust/w2-warm/fixture-cache.json;w2/repetition-2/rust/w2-warm/stages.jsonl
w2	2	rust	w2-official-20260923T200258Z-70088-w2-warm	near-saturation	800	1	sender shortfall or scheduled query not sent	2399	2399	2399	2399			0	0													35ca78b3e7e5c5a9274c6180040462c5807f2b3b1ceca03b221ec874cae7dfb0	attempt-status.tsv;w2/repetition-2/rust/.run.mMgc8M/counter-before-near-saturation.json;w2/repetition-2/rust/.run.mMgc8M/counter-before-overload.json;w2/repetition-2/rust/invalid-stages.tsv;w2/repetition-2/rust/w2-warm/fixture-cache.json;w2/repetition-2/rust/w2-warm/stages.jsonl
w2	2	rust	w2-official-20260923T200258Z-70088-w2-warm	overload	1000	1		3000	3000	3000	3000			0	0													f2983a33869dce928361b1a14489d5242c70db7f1b05ff9583a9a218b56fe37d	attempt-status.tsv;w2/repetition-2/rust/.run.mMgc8M/counter-before-overload.json;w2/repetition-2/rust/.run.mMgc8M/counter-before-recovery.json;w2/repetition-2/rust/invalid-stages.tsv;w2/repetition-2/rust/w2-warm/fixture-cache.json;w2/repetition-2/rust/w2-warm/stages.jsonl
w2	2	rust	w2-official-20260923T200258Z-70088-w2-warm	recovery	200	1	same-process recovery criteria failed	600	600	600	600			0	0													097b6da65246ca9a220c16e1390f8add89f47ff7a195d6f71e0cdc2432ddd72c	attempt-status.tsv;w2/repetition-2/rust/.run.mMgc8M/counter-before-recovery.json;w2/repetition-2/rust/invalid-stages.tsv;w2/repetition-2/rust/w2-warm/fixture-cache.json;w2/repetition-2/rust/w2-warm/stages.jsonl
w2	3	go	w2-official-20260923T200356Z-70950-w2-cold	official-w2-cold	200	0		600	600	600	600			1	1													880326b1971bb71e4140d5e7398f3990d8de089c5fb5336e05c8796f44993ef8	attempt-status.tsv;w2/repetition-3/go/.run.gg4o7V/counter-before-official-w2-cold.json;w2/repetition-3/go/w2-cold/fixture-cache.json;w2/repetition-3/go/w2-cold/stages.jsonl
w2	3	go	w2-official-20260923T200356Z-70950-w2-warm	warm-prefill	200	0		2	2	2	2			1	1													b8c489b758c3897449a8b2357a00043eb369fcae7cd801ef145be6dcca50c728	attempt-status.tsv;w2/repetition-3/go/.run.gg4o7V/w2-prefill-before-counter.json;w2/repetition-3/go/.run.gg4o7V/w2-prefill-counter.json;w2/repetition-3/go/w2-warm/prefill/stages.jsonl
w2	3	go	w2-official-20260923T200356Z-70950-w2-warm	normal-reference	200	0		600	600	600	600			0	0													2b2db228ec4aeed47188a8e92a9d03e20746c78c4ee9f0e9b02fc2b2cdb428a5	attempt-status.tsv;w2/repetition-3/go/.run.gg4o7V/counter-before-common-load.json;w2/repetition-3/go/.run.gg4o7V/counter-before-normal-reference.json;w2/repetition-3/go/w2-warm/fixture-cache.json;w2/repetition-3/go/w2-warm/stages.jsonl
w2	3	go	w2-official-20260923T200356Z-70950-w2-warm	common-load	400	0		1200	1200	1200	1200			0	0													391ddb289f370e14a665077b1494b9acc4155d06c48ef05e54f75d0d05b71c54	attempt-status.tsv;w2/repetition-3/go/.run.gg4o7V/counter-before-common-load.json;w2/repetition-3/go/.run.gg4o7V/counter-before-near-saturation.json;w2/repetition-3/go/w2-warm/fixture-cache.json;w2/repetition-3/go/w2-warm/stages.jsonl
w2	3	go	w2-official-20260923T200356Z-70950-w2-warm	near-saturation	800	0		2400	2400	2400	2400			0	0													332f67457889372cc311060e758b0bed310e3aeb021c164c19b47f49f987c505	attempt-status.tsv;w2/repetition-3/go/.run.gg4o7V/counter-before-near-saturation.json;w2/repetition-3/go/.run.gg4o7V/counter-before-overload.json;w2/repetition-3/go/w2-warm/fixture-cache.json;w2/repetition-3/go/w2-warm/stages.jsonl
w2	3	go	w2-official-20260923T200356Z-70950-w2-warm	overload	1000	0		3000	3000	3000	3000			0	0													f006c705e3d9932f743184bf6d05b62ed4a5e38c43eb61b0d03a1f6efc07a117	attempt-status.tsv;w2/repetition-3/go/.run.gg4o7V/counter-before-overload.json;w2/repetition-3/go/.run.gg4o7V/counter-before-recovery.json;w2/repetition-3/go/w2-warm/fixture-cache.json;w2/repetition-3/go/w2-warm/stages.jsonl
w2	3	go	w2-official-20260923T200356Z-70950-w2-warm	recovery	200	0		600	600	600	600			0	0													122a72350f439d5ca224c0e76f1b8b82dfbdce737beee0716ee09914f1a42b3d	attempt-status.tsv;w2/repetition-3/go/.run.gg4o7V/counter-before-recovery.json;w2/repetition-3/go/w2-warm/fixture-cache.json;w2/repetition-3/go/w2-warm/stages.jsonl
w2	3	rust	w2-official-20260923T200424Z-71397-w2-cold	official-w2-cold	200	0		600	600	600	600			1	1													d3589e322cacbb354b0e2aac2ad145ec4d3f0a01e050b209ba77e32ae5fc7fee	attempt-status.tsv;w2/repetition-3/rust/.run.DoUH1K/counter-before-official-w2-cold.json;w2/repetition-3/rust/w2-cold/fixture-cache.json;w2/repetition-3/rust/w2-cold/stages.jsonl
w2	3	rust	w2-official-20260923T200424Z-71397-w2-warm	warm-prefill	200	0		2	2	2	2			1	1													2f45c82496742b6e7b88e8db14758e5aac65c40ade3ab6ff02ade771bf7e093f	attempt-status.tsv;w2/repetition-3/rust/.run.DoUH1K/w2-prefill-before-counter.json;w2/repetition-3/rust/.run.DoUH1K/w2-prefill-counter.json;w2/repetition-3/rust/w2-warm/prefill/stages.jsonl
w2	3	rust	w2-official-20260923T200424Z-71397-w2-warm	normal-reference	200	0		600	600	600	600			0	0													598070bcab970185d436e1db6e4c99e53620e8c4af716f0d01b0b4230b2feae0	attempt-status.tsv;w2/repetition-3/rust/.run.DoUH1K/counter-before-common-load.json;w2/repetition-3/rust/.run.DoUH1K/counter-before-normal-reference.json;w2/repetition-3/rust/w2-warm/fixture-cache.json;w2/repetition-3/rust/w2-warm/stages.jsonl
w2	3	rust	w2-official-20260923T200424Z-71397-w2-warm	common-load	400	0		1200	1200	1200	1200			0	0													d3dcd01f474d1705c06840c15b77e01b649159bda75e095de5d2f0bc7b73c321	attempt-status.tsv;w2/repetition-3/rust/.run.DoUH1K/counter-before-common-load.json;w2/repetition-3/rust/.run.DoUH1K/counter-before-near-saturation.json;w2/repetition-3/rust/w2-warm/fixture-cache.json;w2/repetition-3/rust/w2-warm/stages.jsonl
w2	3	rust	w2-official-20260923T200424Z-71397-w2-warm	near-saturation	800	0		2400	2400	2400	2400			0	0													11d04a545e55e8861f4025ebadf420b1d6b153ecef8e2bb0eabb4ee34f1488f9	attempt-status.tsv;w2/repetition-3/rust/.run.DoUH1K/counter-before-near-saturation.json;w2/repetition-3/rust/.run.DoUH1K/counter-before-overload.json;w2/repetition-3/rust/w2-warm/fixture-cache.json;w2/repetition-3/rust/w2-warm/stages.jsonl
w2	3	rust	w2-official-20260923T200424Z-71397-w2-warm	overload	1000	0		3000	3000	3000	3000			0	0													e62f17dd5750a56c07430e24757077e7aac516006ed6b1b7d4038298c3afa1a9	attempt-status.tsv;w2/repetition-3/rust/.run.DoUH1K/counter-before-overload.json;w2/repetition-3/rust/.run.DoUH1K/counter-before-recovery.json;w2/repetition-3/rust/w2-warm/fixture-cache.json;w2/repetition-3/rust/w2-warm/stages.jsonl
w2	3	rust	w2-official-20260923T200424Z-71397-w2-warm	recovery	200	0		600	600	600	600			0	0													8b1f777a699c383f6b9122e43dc08f6739b394282575ab80d64a134c7734d562	attempt-status.tsv;w2/repetition-3/rust/.run.DoUH1K/counter-before-recovery.json;w2/repetition-3/rust/w2-warm/fixture-cache.json;w2/repetition-3/rust/w2-warm/stages.jsonl
w3	1	go	w3-official-20260923T200453Z-71827	normal-reference	200	0		600	600	600	600					200	200	200	400	400	400	400	200	200	1000	1000	true	69e5d81a08b7061eebe83eb481cf1f18c3f7c6c5de9d813121fb3db72508750d	attempt-status.tsv;w3/repetition-1/go/.run.dND60W/routing-events.jsonl;w3/repetition-1/go/requests.jsonl;w3/repetition-1/go/stages.jsonl
w3	1	go	w3-official-20260923T200453Z-71827	common-load	400	0		1200	1200	1200	1200					400	400	400	800	800	800	800	400	400	2000	2000	true	69e5d81a08b7061eebe83eb481cf1f18c3f7c6c5de9d813121fb3db72508750d	attempt-status.tsv;w3/repetition-1/go/.run.dND60W/routing-events.jsonl;w3/repetition-1/go/requests.jsonl;w3/repetition-1/go/stages.jsonl
w3	1	go	w3-official-20260923T200453Z-71827	near-saturation	800	0		2400	2400	2400	2400					800	800	800	1600	1600	1600	1600	800	800	4000	4000	true	69e5d81a08b7061eebe83eb481cf1f18c3f7c6c5de9d813121fb3db72508750d	attempt-status.tsv;w3/repetition-1/go/.run.dND60W/routing-events.jsonl;w3/repetition-1/go/requests.jsonl;w3/repetition-1/go/stages.jsonl
w3	1	go	w3-official-20260923T200453Z-71827	overload	1000	0		3000	3000	3000	3000					1000	1000	1000	2000	2000	2000	2000	1000	1000	5000	5000	true	69e5d81a08b7061eebe83eb481cf1f18c3f7c6c5de9d813121fb3db72508750d	attempt-status.tsv;w3/repetition-1/go/.run.dND60W/routing-events.jsonl;w3/repetition-1/go/requests.jsonl;w3/repetition-1/go/stages.jsonl
w3	1	go	w3-official-20260923T200453Z-71827	recovery	200	0		600	600	600	600					200	200	200	400	400	400	400	200	200	1000	1000	true	69e5d81a08b7061eebe83eb481cf1f18c3f7c6c5de9d813121fb3db72508750d	attempt-status.tsv;w3/repetition-1/go/.run.dND60W/routing-events.jsonl;w3/repetition-1/go/requests.jsonl;w3/repetition-1/go/stages.jsonl
w3	1	rust	w3-official-20260923T200515Z-72213	normal-reference	200	1		600	600	600	600					200	200	200	400	400	400	400	200	200	1000	1000	true	7b37f5c31def7af5d2c03495407a23b25ad7ec20b2a27ac938df14a68b6ba415	attempt-status.tsv;w3/repetition-1/rust/.run.bTOK8O/routing-events.jsonl;w3/repetition-1/rust/invalid-stages.tsv;w3/repetition-1/rust/requests.jsonl;w3/repetition-1/rust/stages.jsonl
w3	1	rust	w3-official-20260923T200515Z-72213	common-load	400	1		1200	1200	1200	1200					400	400	400	800	800	800	800	400	400	2000	2000	true	7b37f5c31def7af5d2c03495407a23b25ad7ec20b2a27ac938df14a68b6ba415	attempt-status.tsv;w3/repetition-1/rust/.run.bTOK8O/routing-events.jsonl;w3/repetition-1/rust/invalid-stages.tsv;w3/repetition-1/rust/requests.jsonl;w3/repetition-1/rust/stages.jsonl
w3	1	rust	w3-official-20260923T200515Z-72213	near-saturation	800	1		2400	2400	2400	2400					800	800	800	1600	1600	1600	1600	800	800	4000	4000	true	7b37f5c31def7af5d2c03495407a23b25ad7ec20b2a27ac938df14a68b6ba415	attempt-status.tsv;w3/repetition-1/rust/.run.bTOK8O/routing-events.jsonl;w3/repetition-1/rust/invalid-stages.tsv;w3/repetition-1/rust/requests.jsonl;w3/repetition-1/rust/stages.jsonl
w3	1	rust	w3-official-20260923T200515Z-72213	overload	1000	1	sender shortfall or scheduled query not sent	2999	2999	2999	2999					1000	1000	999	2000	2000	1999	1999	999	999	4998	4998	true	7b37f5c31def7af5d2c03495407a23b25ad7ec20b2a27ac938df14a68b6ba415	attempt-status.tsv;w3/repetition-1/rust/.run.bTOK8O/routing-events.jsonl;w3/repetition-1/rust/invalid-stages.tsv;w3/repetition-1/rust/requests.jsonl;w3/repetition-1/rust/stages.jsonl
w3	1	rust	w3-official-20260923T200515Z-72213	recovery	200	1	same-process recovery criteria failed	600	600	600	600					200	200	200	400	400	400	400	200	200	1000	1000	true	7b37f5c31def7af5d2c03495407a23b25ad7ec20b2a27ac938df14a68b6ba415	attempt-status.tsv;w3/repetition-1/rust/.run.bTOK8O/routing-events.jsonl;w3/repetition-1/rust/invalid-stages.tsv;w3/repetition-1/rust/requests.jsonl;w3/repetition-1/rust/stages.jsonl
w3	2	go	w3-official-20260923T200559Z-72968	normal-reference	200	0		600	600	600	600					200	200	200	400	400	400	400	200	200	1000	1000	true	e84c4b0288c5b275efff3940401e5343da081e39654395cb18125ca0f7095099	attempt-status.tsv;w3/repetition-2/go/.run.lv9z0d/routing-events.jsonl;w3/repetition-2/go/requests.jsonl;w3/repetition-2/go/stages.jsonl
w3	2	go	w3-official-20260923T200559Z-72968	common-load	400	0		1200	1200	1200	1200					400	400	400	800	800	800	800	400	400	2000	2000	true	e84c4b0288c5b275efff3940401e5343da081e39654395cb18125ca0f7095099	attempt-status.tsv;w3/repetition-2/go/.run.lv9z0d/routing-events.jsonl;w3/repetition-2/go/requests.jsonl;w3/repetition-2/go/stages.jsonl
w3	2	go	w3-official-20260923T200559Z-72968	near-saturation	800	0		2400	2400	2400	2400					800	800	800	1600	1600	1600	1600	800	800	4000	4000	true	e84c4b0288c5b275efff3940401e5343da081e39654395cb18125ca0f7095099	attempt-status.tsv;w3/repetition-2/go/.run.lv9z0d/routing-events.jsonl;w3/repetition-2/go/requests.jsonl;w3/repetition-2/go/stages.jsonl
w3	2	go	w3-official-20260923T200559Z-72968	overload	1000	0		3000	3000	3000	3000					1000	1000	1000	2000	2000	2000	2000	1000	1000	5000	5000	true	e84c4b0288c5b275efff3940401e5343da081e39654395cb18125ca0f7095099	attempt-status.tsv;w3/repetition-2/go/.run.lv9z0d/routing-events.jsonl;w3/repetition-2/go/requests.jsonl;w3/repetition-2/go/stages.jsonl
w3	2	go	w3-official-20260923T200559Z-72968	recovery	200	0		600	600	600	600					200	200	200	400	400	400	400	200	200	1000	1000	true	e84c4b0288c5b275efff3940401e5343da081e39654395cb18125ca0f7095099	attempt-status.tsv;w3/repetition-2/go/.run.lv9z0d/routing-events.jsonl;w3/repetition-2/go/requests.jsonl;w3/repetition-2/go/stages.jsonl
w3	2	rust	w3-official-20260923T200537Z-72593	normal-reference	200	0		600	600	600	600					200	200	200	400	400	400	400	200	200	1000	1000	true	1e030964682981bef5a2e6db0b4002cd58b8ab38413b76518d4de1d1d0f55e95	attempt-status.tsv;w3/repetition-2/rust/.run.AEK8AQ/routing-events.jsonl;w3/repetition-2/rust/requests.jsonl;w3/repetition-2/rust/stages.jsonl
w3	2	rust	w3-official-20260923T200537Z-72593	common-load	400	0		1200	1200	1200	1200					400	400	400	800	800	800	800	400	400	2000	2000	true	1e030964682981bef5a2e6db0b4002cd58b8ab38413b76518d4de1d1d0f55e95	attempt-status.tsv;w3/repetition-2/rust/.run.AEK8AQ/routing-events.jsonl;w3/repetition-2/rust/requests.jsonl;w3/repetition-2/rust/stages.jsonl
w3	2	rust	w3-official-20260923T200537Z-72593	near-saturation	800	0		2400	2400	2400	2400					800	800	800	1600	1600	1600	1600	800	800	4000	4000	true	1e030964682981bef5a2e6db0b4002cd58b8ab38413b76518d4de1d1d0f55e95	attempt-status.tsv;w3/repetition-2/rust/.run.AEK8AQ/routing-events.jsonl;w3/repetition-2/rust/requests.jsonl;w3/repetition-2/rust/stages.jsonl
w3	2	rust	w3-official-20260923T200537Z-72593	overload	1000	0		3000	3000	3000	3000					1000	1000	1000	2000	2000	2000	2000	1000	1000	5000	5000	true	1e030964682981bef5a2e6db0b4002cd58b8ab38413b76518d4de1d1d0f55e95	attempt-status.tsv;w3/repetition-2/rust/.run.AEK8AQ/routing-events.jsonl;w3/repetition-2/rust/requests.jsonl;w3/repetition-2/rust/stages.jsonl
w3	2	rust	w3-official-20260923T200537Z-72593	recovery	200	0		600	600	600	600					200	200	200	400	400	400	400	200	200	1000	1000	true	1e030964682981bef5a2e6db0b4002cd58b8ab38413b76518d4de1d1d0f55e95	attempt-status.tsv;w3/repetition-2/rust/.run.AEK8AQ/routing-events.jsonl;w3/repetition-2/rust/requests.jsonl;w3/repetition-2/rust/stages.jsonl
w3	3	go	w3-official-20260923T200621Z-73354	normal-reference	200	1		600	600	600	600					200	200	200	400	400	400	400	200	200	1000	1000	true	70f1821f444269b3b89b18741d1d94dd6718ba966799c3e714842170aa2b29db	attempt-status.tsv;w3/repetition-3/go/.run.ql2e39/routing-events.jsonl;w3/repetition-3/go/invalid-stages.tsv;w3/repetition-3/go/requests.jsonl;w3/repetition-3/go/stages.jsonl
w3	3	go	w3-official-20260923T200621Z-73354	common-load	400	1		1200	1200	1200	1200					400	400	400	800	800	800	800	400	400	2000	2000	true	70f1821f444269b3b89b18741d1d94dd6718ba966799c3e714842170aa2b29db	attempt-status.tsv;w3/repetition-3/go/.run.ql2e39/routing-events.jsonl;w3/repetition-3/go/invalid-stages.tsv;w3/repetition-3/go/requests.jsonl;w3/repetition-3/go/stages.jsonl
w3	3	go	w3-official-20260923T200621Z-73354	near-saturation	800	1		2400	2400	2400	2400					800	800	800	1600	1600	1600	1600	800	800	4000	4000	true	70f1821f444269b3b89b18741d1d94dd6718ba966799c3e714842170aa2b29db	attempt-status.tsv;w3/repetition-3/go/.run.ql2e39/routing-events.jsonl;w3/repetition-3/go/invalid-stages.tsv;w3/repetition-3/go/requests.jsonl;w3/repetition-3/go/stages.jsonl
w3	3	go	w3-official-20260923T200621Z-73354	overload	1000	1	sender shortfall or scheduled query not sent	2999	2999	2999	2999					1000	999	1000	1999	1999	1999	1999	1000	1000	4998	4998	true	70f1821f444269b3b89b18741d1d94dd6718ba966799c3e714842170aa2b29db	attempt-status.tsv;w3/repetition-3/go/.run.ql2e39/routing-events.jsonl;w3/repetition-3/go/invalid-stages.tsv;w3/repetition-3/go/requests.jsonl;w3/repetition-3/go/stages.jsonl
w3	3	go	w3-official-20260923T200621Z-73354	recovery	200	1	same-process recovery criteria failed	600	600	600	600					200	200	200	400	400	400	400	200	200	1000	1000	true	70f1821f444269b3b89b18741d1d94dd6718ba966799c3e714842170aa2b29db	attempt-status.tsv;w3/repetition-3/go/.run.ql2e39/routing-events.jsonl;w3/repetition-3/go/invalid-stages.tsv;w3/repetition-3/go/requests.jsonl;w3/repetition-3/go/stages.jsonl
w3	3	rust	w3-official-20260923T200643Z-73743	normal-reference	200	1		600	600	600	600					200	200	200	400	400	400	400	200	200	1000	1000	true	cccf5e497ac096ca20811dc65cb9c7c60fa771d1a0c26c21c29b0296fa67fddb	attempt-status.tsv;w3/repetition-3/rust/.run.YlWFIQ/routing-events.jsonl;w3/repetition-3/rust/invalid-stages.tsv;w3/repetition-3/rust/requests.jsonl;w3/repetition-3/rust/stages.jsonl
w3	3	rust	w3-official-20260923T200643Z-73743	common-load	400	1		1200	1200	1200	1200					400	400	400	800	800	800	800	400	400	2000	2000	true	cccf5e497ac096ca20811dc65cb9c7c60fa771d1a0c26c21c29b0296fa67fddb	attempt-status.tsv;w3/repetition-3/rust/.run.YlWFIQ/routing-events.jsonl;w3/repetition-3/rust/invalid-stages.tsv;w3/repetition-3/rust/requests.jsonl;w3/repetition-3/rust/stages.jsonl
w3	3	rust	w3-official-20260923T200643Z-73743	near-saturation	800	1		2400	2400	2400	2400					800	800	800	1600	1600	1600	1600	800	800	4000	4000	true	cccf5e497ac096ca20811dc65cb9c7c60fa771d1a0c26c21c29b0296fa67fddb	attempt-status.tsv;w3/repetition-3/rust/.run.YlWFIQ/routing-events.jsonl;w3/repetition-3/rust/invalid-stages.tsv;w3/repetition-3/rust/requests.jsonl;w3/repetition-3/rust/stages.jsonl
w3	3	rust	w3-official-20260923T200643Z-73743	overload	1000	1		3000	3000	3000	3000					1000	1000	1000	2000	2000	2000	2000	1000	1000	5000	5000	true	cccf5e497ac096ca20811dc65cb9c7c60fa771d1a0c26c21c29b0296fa67fddb	attempt-status.tsv;w3/repetition-3/rust/.run.YlWFIQ/routing-events.jsonl;w3/repetition-3/rust/invalid-stages.tsv;w3/repetition-3/rust/requests.jsonl;w3/repetition-3/rust/stages.jsonl
w3	3	rust	w3-official-20260923T200643Z-73743	recovery	200	1	same-process recovery criteria failed	600	600	600	600					200	200	200	400	400	400	400	200	200	1000	1000	true	cccf5e497ac096ca20811dc65cb9c7c60fa771d1a0c26c21c29b0296fa67fddb	attempt-status.tsv;w3/repetition-3/rust/.run.YlWFIQ/routing-events.jsonl;w3/repetition-3/rust/invalid-stages.tsv;w3/repetition-3/rust/requests.jsonl;w3/repetition-3/rust/stages.jsonl
